<application>
  <component name="FeatureSuggesterSettings">
    <option name="workingDays">
      <list>
        <option value="1660731383896" />
        <option value="1660805592880" />
        <option value="1661149366610" />
        <option value="1661244464218" />
        <option value="1661322614092" />
        <option value="1661414781288" />
        <option value="1661505488319" />
        <option value="1661752977239" />
        <option value="1661846383814" />
        <option value="1661929323390" />
        <option value="1662020140394" />
        <option value="1662102918586" />
        <option value="1662367834203" />
        <option value="1662442924786" />
        <option value="1662538220926" />
        <option value="1662614916780" />
        <option value="1662713239493" />
        <option value="1662760986372" />
        <option value="1662964032943" />
        <option value="1663056703048" />
        <option value="1663133195364" />
        <option value="1663238443286" />
        <option value="1663321665905" />
        <option value="1663387717464" />
        <option value="1663576486222" />
        <option value="1663671315572" />
        <option value="1663763809943" />
        <option value="1663830731439" />
        <option value="1663920174019" />
        <option value="1664098067844" />
      </list>
    </option>
  </component>
</application>