<application>
  <component name="FileTypeManager" version="18">
    <extensionMap>
      <mapping pattern="max_depth" type="AUTO_DETECTED" />
      <mapping pattern="n_estimators" type="AUTO_DETECTED" />
      <mapping pattern="LICENSE" type="AUTO_DETECTED" />
      <mapping pattern="random_state" type="AUTO_DETECTED" />
      <mapping pattern="MLmodel" type="AUTO_DETECTED" />
      <mapping pattern="mae" type="AUTO_DETECTED" />
      <mapping pattern="param_sharing_waterworld" type="AUTO_DETECTED" />
      <mapping pattern="activeid-crx-diagrams" type="AUTO_DETECTED" />
      <mapping pattern="rmse" type="AUTO_DETECTED" />
      <mapping pattern="mse" type="AUTO_DETECTED" />
      <mapping ext="space.kts" type="Kotlin" />
      <mapping ext="gradle.kts" type="Kotlin" />
      <mapping ext="main.kts" type="Kotlin" />
      <mapping pattern=".dockerenv" type="PLAIN_TEXT" />
      <mapping pattern=".airflowignore" type="PLAIN_TEXT" />
      <mapping ext="user" type="PLAIN_TEXT" />
      <mapping ext="history" type="PLAIN_TEXT" />
      <mapping ext="name" type="PLAIN_TEXT" />
      <mapping ext="runname" type="PLAIN_TEXT" />
      <mapping ext="me" type="PLAIN_TEXT" />
      <mapping ext="type" type="PLAIN_TEXT" />
      <mapping ext="pb" type="PLAIN_TEXT" />
      <mapping ext="commit" type="PLAIN_TEXT" />
      <mapping ext="index" type="PLAIN_TEXT" />
      <removed_mapping ext="apk" approved="true" type="APK" />
      <removed_mapping ext="cfg" approved="true" type="PLAIN_TEXT" />
      <removed_mapping ext="excalidraw" approved="true" type="PLAIN_TEXT" />
      <removed_mapping ext="md" approved="true" type="PLAIN_TEXT" />
      <removed_mapping ext="pb" approved="true" type="prototext" />
      <removed_mapping ext="psd" approved="true" type="Adobe Photoshop" />
      <removed_mapping ext="txt" approved="true" type="PLAIN_TEXT" />
    </extensionMap>
  </component>
</application>