<application>
  <component name="NodeJsLocalInterpreterManager">
    <local-interpreter path="$USER_HOME$/.nvm/versions/node/v14.19.3/bin/node">
      <version-cache version="14.19.3" last-modified="1652807976000" />
    </local-interpreter>
    <local-interpreter path="/bin/node">
      <version-cache version="14.19.0" last-modified="1643702759000" />
    </local-interpreter>
    <local-interpreter path="$USER_HOME$/.nvm/versions/node/v14.19.0/bin/node">
      <version-cache version="14.19.0" last-modified="1643702759000" />
    </local-interpreter>
    <local-interpreter path="/usr/bin/node">
      <version-cache version="14.19.0" last-modified="1643702759000" />
    </local-interpreter>
    <local-interpreter path="/usr/local/bin/node">
      <version-cache version="14.18.3" last-modified="1659446289516" />
    </local-interpreter>
    <local-interpreter path="$USER_HOME$/.nvm/versions/node/v14.18.0/bin/node">
      <version-cache version="14.18.0" last-modified="1632814696000" />
    </local-interpreter>
  </component>
</application>